transcript_id,company_ticker,filing_date,filing_year,mean_evasion_score,evasion_variance,max_evasion_score,n_pairs,car_3day,car_direction,car_date_estimated,revenue_growth,gross_margin,operating_margin,roa,lm_positive,lm_negative,lm_uncertainty,lm_litigious,prepared_remarks_fallback
000162828021023214,AFIB,2021-11-12,2021,31.25,86.80555555555553,50.0,10,-0.2108518842975703,0,False,-2.293480569122956,,-5.88763312323408,-0.1444150660507334,0.017094017094017,0.0119658119658119,0.0048433048433048,0.0025641025641025,False
000101884019000013,ANF,2019-03-07,2019,38.06818181818182,144.17613636363637,56.25,11,-0.2835562118086869,0,False,34.186025448389096,0.5909101922634263,,0.0406339220478933,0.020327868852459,0.0102732240437158,0.0087431693989071,0.0024043715846994,False
000072695820000069,CASY,2020-06-10,2020,21.99074074074074,205.4398148148148,56.25,27,-0.0275118230148391,0,False,-19.362840817401317,0.2896325907408255,,0.0157435852705905,0.0171065493646138,0.0073313782991202,0.0083088954056695,0.002199413489736,False
000072695820000120,CASY,2020-09-14,2020,22.82608695652174,98.04224308300395,37.5,23,-0.0324375902970027,0,False,16.114553448843637,,,0.0294199087434401,0.0163518466309557,0.010431350436989,0.010431350436989,0.0019734987313222,False
000072695820000135,CASY,2020-12-10,2020,81.25,156.25,100.0,4,-0.0275630147953731,0,False,5.267595905218998,,,0.0258999997224578,0.0148998534440644,0.0058622374206155,0.0105031753786028,0.0021983390327308,False
000156459019003289,CBZ,2019-02-19,2019,19.53125,71.84709821428571,31.25,8,-0.0598537044292526,0,False,-11.249102560100605,0.086417147766841,0.0418343608527657,-0.0008224636547985,0.0200437317784256,0.0098396501457725,0.0145772594752186,0.0,False
000156459019014794,CBZ,2019-05-01,2019,18.75,182.29166666666663,43.75,7,0.0433943109358723,1,False,35.661707440848545,0.2018607545241076,0.1586011748235172,0.0272043005287809,0.0178762960314622,0.0067929924919556,0.0143010368251698,0.0007150518412584,False
000156459019028159,CBZ,2019-08-02,2019,22.65625,99.74888392857144,37.5,8,0.0729507655734628,1,False,-12.777872428684656,0.1586000730367137,0.1137334499656048,0.0120500565391093,0.0152855993563958,0.0064360418342719,0.0164923572003218,0.0,False
000156459019039301,CBZ,2019-11-01,2019,19.27083333333333,74.27793560606061,31.25,12,-0.0143202109778187,0,False,1.8225207857391568,0.1277951540931648,0.0791275699570457,0.0127453092666544,0.0197292069632495,0.0065764023210831,0.0127659574468085,0.0007736943907156,False
000156459020006236,CBZ,2020-02-25,2020,31.25,143.22916666666669,43.75,7,-0.0572755492157024,0,False,-15.285041077609575,0.0119721568588841,-0.0396676151187862,-0.0008231163628108,0.0242811501597444,0.0070287539936102,0.0159744408945686,0.0006389776357827,False
000119312519289172,DXC,2019-11-12,2019,39.42307692307692,275.9415064102564,68.75,13,-0.0179900918338506,0,False,-0.7975460122699387,,0.1090496804782519,-0.0717915706735329,0.0172688025448761,0.0102249488752556,0.0070438536696205,0.0027266530334014,False
000119312519129563,FCN,2019-04-30,2019,32.03125,440.1506696428572,62.5,8,0.0841910513173715,1,False,9.164681490634525,,0.1581101230966815,0.0254148138201087,0.0208110992529349,0.011205976520811,0.0077374599786552,0.0010672358591248,False
000119312519205560,FCN,2019-07-29,2019,27.08333333333333,166.66666666666669,43.75,6,-0.0122445548183343,0,False,9.948773205338906,,0.1453427462264011,0.0251220850576134,0.0245569620253164,0.0096202531645569,0.0065822784810126,0.0015189873417721,False
000119312519276266,FCN,2019-10-28,2019,28.47222222222222,137.80381944444446,43.75,9,0.0024165766061117,1,False,-2.146938142509969,,0.1384878925520901,0.0224594640907656,0.0171247357293868,0.0126849894291754,0.0093023255813953,0.00169133192389,False
000119312520050183,FCN,2020-02-26,2020,43.75,33.48214285714285,56.25,8,-0.1021633841351047,0,False,1.536318971650936,,0.0800374615172578,0.0104417956396044,0.0153343388637506,0.0135746606334841,0.0052790346907993,0.0015082956259426,False
000119312520132471,FCN,2020-05-04,2020,32.142857142857146,252.97619047619045,56.25,7,0.0699024698098158,1,False,0.3943754587209283,,0.1208350080136554,0.0215180527995613,0.0130115424973767,0.025813221406086,0.0100734522560335,0.0081846799580272,False
000119312520206640,FCN,2020-07-31,2020,27.84090909090909,221.5909090909091,50.0,11,-0.0626317895442495,0,False,0.539040313070115,,0.1079193619499483,0.0178098544608003,0.0132182852946576,0.0233155865614099,0.009730126675234,0.0040389205067009,False
000119312520284027,FCN,2020-11-02,2020,31.25,253.90625,43.75,5,0.0574012334991624,1,False,2.3685041753584755,,0.1174288749359179,0.0179544932396888,0.0141648270787343,0.0229948491537895,0.0103016924208977,0.0051508462104488,False
000119312521063655,FCN,2021-03-01,2021,41.66666666666666,478.515625,75.0,9,-0.0247175886607712,0,False,0.696184324924588,,0.1132144128213271,0.0200150286440771,0.0149328023892483,0.016674962667994,0.0077152812344449,0.0014932802389248,False
000119312521148110,FCN,2021-05-03,2021,30.681818181818183,237.9261363636364,56.25,11,0.0531217221536105,1,False,9.527259843499882,,0.1289654177540555,0.02321503131524,0.0152913261270761,0.0145003954653308,0.0079093066174532,0.0023727919852359,False
000119312521233379,FCN,2021-08-02,2021,38.020833333333336,266.03929924242425,68.75,12,-0.0210901548343459,0,False,3.673298099746895,,0.1180346486086866,0.0213658532269135,0.0141743444365698,0.0165367351759981,0.0070871722182849,0.0033073470351996,False
000119312521315535,FCN,2021-11-01,2021,30.357142857142858,148.80952380952382,43.75,7,0.0070334829713254,1,False,-1.30122026294263,,0.1260744373622242,0.0231066698060875,0.0161290322580645,0.0142154182613449,0.0046473482777474,0.0030071077091306,False
000119312522136919,FCN,2022-05-02,2022,31.25,234.375,50.0,5,-0.1716434390542445,0,False,3.0463040493970617,,0.1095561206157928,0.0201136476529443,0.0116686114352392,0.01073512252042,0.0091015169194865,0.0023337222870478,False
000119312522206637,FCN,2022-07-29,2022,43.75,195.3125,68.75,5,-0.1372681217341508,0,False,4.33542467040712,,0.0850803717125479,0.0171245831069057,0.0158767219238851,0.0105066542143357,0.0039691804809712,0.0025682932523931,False
000119312523050926,FCN,2023-02-27,2023,26.38888888888889,241.97048611111111,56.25,9,-0.1100540828081763,0,False,2.764665056053574,,0.1130480173741565,0.0250696442094238,0.0183362285273113,0.0115807759119861,0.0073344914109245,0.0011580775911986,False
000119312523130596,FCN,2023-05-01,2023,37.5,66.96428571428572,50.0,8,-0.0906530020243433,0,False,3.975047205377224,,0.0828083589312587,0.0153328799287193,0.0100902814657461,0.015400955921402,0.0103558151885289,0.0023898035050451,False
000119312523199197,FCN,2023-07-31,2023,38.19444444444444,268.01215277777777,62.5,9,0.2017765964343179,1,False,7.1754765676714936,,0.1026022709003448,0.0192202780325113,0.0124264224983649,0.0148245040331371,0.0052321778940483,0.0021800741225201,False
000119312523266240,FCN,2023-10-30,2023,27.34375,177.87388392857142,43.75,8,0.1173736380527225,1,False,3.316018788074361,,0.1198182837938743,0.0251043591920757,0.0087620759379914,0.0134801168276791,0.0053920467310716,0.0026960233655358,False
000110465920034085,FPI,2020-03-16,2020,26.171875,209.47265625,56.25,16,-0.0062055038178849,0,False,122.16693744922826,,,0.0088694148943406,0.0054095826893353,0.0108191653786707,0.0146831530139103,0.0023183925811437,False
000004392019000022,GEF,2019-03-01,2019,17.96875,223.30729166666663,43.75,16,-0.125902104581601,0,False,-9.182950288549154,0.1926421404682274,0.0749163879598662,0.0089994545785103,0.0193548387096774,0.0216318785578747,0.0163187855787476,0.0015180265654648,False
000004392019000036,GEF,2019-06-11,2019,22.61904761904762,165.9226190476191,56.25,21,0.1230317071670671,1,False,35.26198439241918,0.2049781587406247,0.0746723811093711,0.0024680603948896,0.0188857412653446,0.0146364494806421,0.0179414542020774,0.0009442870632672,False
000004392019000043,GEF,2019-07-02,2019,27.5,236.11111111111111,50.0,10,0.1230317071670671,1,False,35.26198439241918,0.2049781587406247,0.0746723811093711,0.0024680603948896,0.0176724137931034,0.0026939655172413,0.0026939655172413,0.0002155172413793,False
000004392019000049,GEF,2019-09-03,2019,21.71052631578948,209.9323830409357,56.25,19,-0.0007756602143462,0,False,3.239099975274046,0.2230560434296662,0.1002714354143381,0.0112924140912038,0.0204081632653061,0.0134508348794063,0.0171614100185528,0.0004638218923933,False
000004392019000059,GEF,2019-12-10,2019,30.28846153846154,278.94631410256414,56.25,13,-0.0379372588246781,0,False,-1.6365958805684175,0.2102102102102102,,0.0119778134040945,0.0161897590361445,0.0154367469879518,0.0203313253012048,0.0007530120481927,False
000004392020000023,GEF,2020-03-02,2020,21.15384615384616,107.67227564102564,37.5,13,0.0929264314994694,1,False,-9.715120525931336,0.2001078748651564,0.0711974110032362,0.0056453727169448,0.0197064989517819,0.0171907756813417,0.0150943396226415,0.0012578616352201,False
000004392020000050,GEF,2020-06-08,2020,28.819444444444443,294.75592320261444,50.0,18,-0.1061368473392964,0,False,4.12621359223301,0.2078045411378744,0.0621600621600621,0.002061855670103,0.014632524110409,0.0192883272364482,0.0162953109411373,0.0009976720984369,False
000004392020000064,GEF,2020-09-01,2020,22.15909090909091,151.5151515151515,43.75,22,-0.0333491021232923,0,False,-6.500906500906501,0.2028624192059095,0.0571560480147737,0.0037005255818942,0.0196616369455875,0.0187471422039323,0.0182898948331047,0.0013717421124828,False
000004392020000069,GEF,2020-12-14,2020,17.105263157894736,120.84247076023392,37.5,19,0.0266230061273081,1,False,7.229916897506926,0.1995177817962628,,0.0080567602387994,0.0198537095088819,0.0121908742598397,0.0160222918843608,0.0010449320794148,False
000004392021000022,GEF,2021-02-26,2021,19.27083333333333,329.9597537878788,68.75,12,0.0376801721399271,1,False,-1.2744338241625763,0.1850850414304404,0.0610553859572612,0.004203643157403,0.0257370145063172,0.0140383715489003,0.0154422087037903,0.0009358914365933,False
000004392021000041,GEF,2021-06-11,2021,16.796875,159.99348958333334,43.75,16,0.0508739336996704,1,False,16.92978630614915,0.1983440250634044,0.1496344920184991,0.0268079242649295,0.0245372363323288,0.0086095566078346,0.0103314679294016,0.0025828669823504,False
000004392021000061,GEF,2021-09-03,2021,28.75,127.23214285714286,43.75,15,-0.0197209006558551,0,False,11.203938534984337,0.2138449154816206,0.1161121545478937,0.0197428192046963,0.0234761120263591,0.0107084019769357,0.0098846787479406,0.0004118616144975,False
000111080320000009,ILMN,2020-01-16,2020,31.25,371.09375000000006,62.5,5,-0.0700882306132516,0,False,5.071664829106946,0.6946484784889821,,0.0326681246582832,0.0254041570438799,0.0039590894094358,0.0105575717584955,0.0013196964698119,False
000076374419000011,LCII,2019-02-08,2019,27.232142857142858,153.88907967032964,50.0,14,0.0513333832632956,1,False,-11.192167402572473,0.1924169238338029,,0.0162224564331497,0.0248412917471708,0.0082804305823902,0.0096605023461219,0.000828043058239,False
000076374419000036,LCII,2019-05-08,2019,28.94736842105263,278.6915204678362,68.75,19,0.0394602774412082,1,False,10.353027118088168,0.223911296042366,0.0806437994366501,0.0255975378216544,0.0302267002518891,0.0071968333933069,0.0086362000719683,0.0007196833393306,False
000076374419000077,LCII,2019-08-07,2019,25.0,97.65625,37.5,9,0.0563176945436512,1,False,6.230622184095162,0.2363067267767554,0.1043718644089351,0.0357287033187768,0.031875,0.009375,0.0075,0.000625,False
000076374419000111,LCII,2019-11-06,2019,20.83333333333333,73.39015151515152,31.25,12,0.009670861064097,1,False,-6.811187343816568,0.2310954401155878,0.0838472180286956,0.0253100586437925,0.0341776014647543,0.0061031431187061,0.0064083002746414,0.0012206286237412,False
000076374419000127,LCII,2019-11-25,2019,28.61842105263158,235.74561403508773,56.25,19,0.009670861064097,1,False,-6.811187343816568,0.2310954401155878,0.0838472180286956,0.0253100586437925,0.034,0.0046666666666666,0.0073333333333333,0.0013333333333333,False
000121390021060097,LGMK,2021-11-16,2021,35.0,167.96875,43.75,5,-0.1069717677385823,0,False,-14.35885825179914,0.4731725883319087,-0.2085090026180965,-0.0167138643075529,0.0152709359605911,0.0157635467980295,0.0034482758620689,0.0019704433497536,False
000155837021015796,MRAM,2021-11-12,2021,30.28846153846154,246.3942307692308,62.5,13,-0.1241462560023815,0,False,24.87339635381499,0.571003717472119,0.0726596823251098,0.025214177244205,0.0159829515183803,0.0042621204049014,0.0074587107085775,0.003196590303676,False
000119312519280519,MSTR,2019-10-31,2019,37.5,253.90625,50.0,5,0.0720118112766277,1,False,1.6613299132812964,0.8010326418420459,0.0383146884111852,0.0109146228941529,0.0230083405234397,0.0069025021570319,0.0071901064135749,0.0011504170261719,False
000119312520216485,MYO,2020-08-11,2020,21.875,66.96428571428571,31.25,8,0.213996717716714,1,False,-14.83467159981947,0.5121513178583491,-3.3177034440186817,-0.2562291156799854,0.0083972252646951,0.0109529025191675,0.0124132895217232,0.0018254837531945,False
000156459020003494,NBIX,2020-02-05,2020,33.035714285714285,158.82554945054943,56.25,14,0.0790888323008431,1,False,9.90544799639802,,,0.0260336906584992,0.0147347740667976,0.0068762278978389,0.0098231827111984,0.0014734774066797,False
000007660519000024,PATK,2019-02-19,2019,23.95833333333333,162.1685606060606,37.5,12,-0.061858702996736,0,False,-7.6378058173763215,0.1819710058714898,,0.0219049065528726,0.0185185185185185,0.0073260073260073,0.0115995115995116,0.0028490028490028,False
000007660519000065,PATK,2019-04-29,2019,29.464285714285715,140.7967032967033,43.75,14,0.0439164633113016,1,False,14.496499507728569,0.1751806095840636,0.0589032221999348,0.0153846267370334,0.0193236714975845,0.0103864734299516,0.0089371980676328,0.0019323671497584,False
000007660519000106,PATK,2019-07-29,2019,21.875,172.77644230769232,50.0,14,0.044676886267327,1,False,0.8220736643769174,0.1837209605719336,0.0737568042686287,0.0205993930482308,0.0120922384701912,0.0095613048368953,0.0092800899887514,0.0022497187851518,False
000007660519000127,PATK,2019-10-30,2019,27.63157894736842,240.08589181286547,62.5,19,0.0771205062112923,1,False,0.0,0.1842768984044112,0.0660736930973213,0.0146899312949218,0.0138178096212896,0.0104912998976458,0.0102354145342886,0.0025588536335721,False
000007660520000041,PATK,2020-02-19,2020,20.83333333333333,202.2058823529412,56.25,18,-0.0097206046635051,0,False,-2.954152875556796,0.1807720307210716,,0.0135853807597996,0.0144996434513905,0.0080817684811029,0.0083194675540765,0.0023769907297361,False
000007660520000069,PATK,2020-05-05,2020,23.75,190.8482142857143,43.75,15,-0.0642619506888165,0,False,7.238379499872602,0.1858028756075705,0.066661349010237,0.0139190543951416,0.0129101667563206,0.0141653218576295,0.0087860857091626,0.0017930787161556,False
000117494719000249,RGR,2019-02-22,2019,27.43055555555556,184.4618055555556,50.0,18,0.0619160922563739,1,False,5.373004480403671,0.2794560811089737,,0.0365807136130085,0.0145214521452145,0.0059405940594059,0.0099009900990099,0.0026402640264026,False
000117494719000951,RGR,2019-08-02,2019,29.347826086956523,388.6178359683794,62.5,23,0.0619160922563739,1,False,-15.52977490156876,0.2315190648714302,0.0774948354078211,0.0194224674915944,0.0107681263460157,0.0129217516152189,0.0107681263460157,0.0028715003589375,False
000117494719001169,RGR,2019-11-12,2019,26.116071428571427,214.2753802910053,56.25,28,0.0619160922563739,1,False,-1.3806849443054532,0.2091285171422857,0.0586848282613501,0.0146633100664521,0.0154028436018957,0.0106635071090047,0.0094786729857819,0.0017772511848341,False
000117494720000202,RGR,2020-02-21,2020,20.0,85.9375,31.25,5,0.0619160922563739,1,False,10.673796566279645,0.2357070164258743,,0.0235212530913196,0.0177033492822966,0.0133971291866028,0.009090909090909,0.0023923444976076,False
000117494720000651,RGR,2020-05-08,2020,26.25,345.4861111111111,62.5,10,0.0408222242847211,1,False,17.595754192069545,0.2912430543760464,0.1630796108024167,0.0423235163452437,0.0118598382749326,0.0075471698113207,0.0150943396226415,0.0043126684636118,False
000117494720000861,RGR,2020-07-31,2020,32.291666666666664,240.88541666666663,56.25,6,0.1338103514898114,1,False,5.358341623597732,0.3077212430141866,0.1844408278572744,0.0476945333661659,0.0109636468551644,0.0103866128101558,0.0121177149451817,0.0028851702250432,False
000117494720001053,RGR,2020-10-30,2020,31.25,258.7890625,56.25,17,0.0162755646225695,1,False,11.853620340232144,0.3510655090765588,0.2255104491952918,0.0797023518198913,0.0147586757080175,0.0095731950538492,0.0103709613083366,0.0047865975269246,False
000117494721000173,RGR,2021-02-19,2021,31.77083333333333,322.857481060606,62.5,12,0.0398356123332329,1,False,16.16622627912563,0.3792685808814841,,0.091061799011078,0.0153767298821117,0.0082009226037929,0.0097385955920041,0.0020502306509482,False
000117494721000525,RGR,2021-05-07,2021,23.125,174.04513888888889,43.75,10,0.0538002188346173,1,False,8.931230060262319,0.3935740358070692,0.281792197508366,0.1048859058190915,0.0136686714051394,0.0071077091306724,0.0120284308365226,0.0043739748496446,False
000117494721000759,RGR,2021-08-06,2021,36.71875,350.8649553571428,62.5,8,-0.0652720367746554,0,False,8.512450034440304,0.3936432884161702,0.2982376344515974,0.1112726762201787,0.0190231362467866,0.0051413881748071,0.0077120822622107,0.0041131105398457,False
000117494721000998,RGR,2021-11-05,2021,23.125,130.64236111111111,43.75,10,0.0189179766262953,1,False,-10.909072733815826,0.363553740336389,0.2621433300046004,0.0838021144548053,0.0144628099173553,0.0098140495867768,0.0056818181818181,0.0041322314049586,False
000117494722000276,RGR,2022-02-25,2022,20.13888888888889,193.14236111111111,43.75,9,-0.0384853741221269,0,False,-5.725233665832613,0.377479305645646,,0.0861797293050867,0.0178242163491087,0.0049170251997541,0.009219422249539,0.0049170251997541,False
000117494722000635,RGR,2022-05-06,2022,17.708333333333332,194.01041666666663,37.5,6,-0.0927886456787969,0,False,-0.8724061389779875,0.3488398619240582,0.2324898694281855,0.0677121829071085,0.0122186495176848,0.0064308681672025,0.0122186495176848,0.0045016077170418,False
000117494722000929,RGR,2022-08-05,2022,21.09375,222.51674107142853,50.0,8,-0.0526944950637369,0,False,-15.561758967432088,0.3096556774473349,0.1790932294369832,0.0467782355115249,0.0128571428571428,0.0042857142857142,0.0078571428571428,0.005,False
000117494722001168,RGR,2022-11-04,2022,17.36111111111111,154.07986111111111,37.5,9,0.0717431399904013,1,False,0.0,0.2788507066504053,,0.039897852471892,0.0164997053624042,0.0047142015321154,0.0076605774896876,0.0047142015321154,False
000117494723000254,RGR,2023-02-24,2023,21.25,157.98611111111114,43.75,10,-0.052671869126083,0,False,7.055025468111055,0.265064600868493,,0.0390995187338967,0.0151209677419354,0.0055443548387096,0.0095766129032258,0.0045362903225806,False
000117494723000719,RGR,2023-05-05,2023,17.1875,192.05729166666663,37.5,4,0.0628101031261888,1,False,0.1534605693454136,0.2575123952011669,0.1138886472670337,0.036880263790263,0.006563245823389,0.0071599045346062,0.0119331742243436,0.0077565632458233,False
000117494723001307,RGR,2023-11-03,2023,26.875,269.53125,50.0,10,-0.021576261551874,0,False,-15.34340774768214,0.2045445145707361,0.0523272646058911,0.0185612588984638,0.0156774916013437,0.0067189249720044,0.0061590145576707,0.0050391937290033,False
000121390019014056,SBFG,2019-07-31,2019,19.642857142857142,122.76785714285715,37.5,7,0.0086051467837604,1,False,6.67574931880109,,,0.0025526589144349,0.0091743119266055,0.0,0.0,0.0,False
000121390019021916,SBFG,2019-11-04,2019,27.77777777777778,391.71006944444434,62.5,9,0.0068743889668122,1,False,-1.0217113665389528,,,0.0036077298633147,0.0172057811424638,0.0082587749483826,0.0058499655884377,0.0003441156228492,False
000121390021025298,SBFG,2021-05-10,2021,30.76923076923077,269.93189102564105,62.5,13,-0.0002096481582504,0,False,-1.0217113665389528,,,0.0036077298633147,0.0159126365054602,0.0087363494539781,0.0078003120124804,0.0015600624024961,False
000110465922087979,SPXC,2022-08-09,2022,25.625,142.79513888888889,37.5,10,0.0446067723059585,1,False,15.271898404428525,0.3519774011299435,0.0768361581920904,0.0052217223650385,0.0240252067743205,0.0070894052776683,0.006695549428909,0.0035447026388341,False
000156459021008650,STAA,2021-02-25,2021,29.6875,192.05729166666663,43.75,4,-0.0395505828884602,0,False,-2.300290987871965,0.745706335058046,,0.0129246045311868,0.0123171670515781,0.0057736720554272,0.0076982294072363,0.0003849114703618,False
000156459023002247,STAA,2023-02-23,2023,45.19230769230769,202.8245192307692,62.5,13,-0.0888365588907825,0,False,-6.23296876733949,0.7950714041501197,0.180219866922652,0.0260010742989186,0.0111441307578008,0.0052005943536404,0.0104011887072808,0.00074294205052,False
000119312523202937,STAA,2023-08-03,2023,38.125,201.0690789473684,62.5,20,-0.1479895018226027,0,False,25.53857034055053,0.7662123805603103,0.0931358741576929,0.0137614574799557,0.012797619047619,0.0044642857142857,0.0101190476190476,0.0026785714285714,False
000119312520173159,SWBI,2020-06-19,2020,27.40384615384616,452.72435897435895,62.5,13,-0.1163385392515605,0,False,83.36943554969548,0.3481480213317811,,-0.0906711993584779,0.0149021352313167,0.0073398576512455,0.0093416370106761,0.0015569395017793,False
000119312522188617,SYRS,2022-07-06,2022,47.91666666666666,677.0833333333334,68.75,3,0.053815366387144,1,False,14.797878178159868,,-5.380656469088591,-0.2731514488964938,0.0171730515191545,0.0079260237780713,0.0123293703214442,0.003082342580361,False
000119312522249298,TALO,2022-09-22,2022,33.125,130.64236111111114,50.0,10,0.01837321921278,1,False,25.514428168659897,,0.5316797826945491,0.068157242150117,0.0114181319936058,0.002055263758849,0.0029687143183375,0.0022836263987211,False
000119312522277160,TALO,2022-11-04,2022,33.035714285714285,217.63392857142856,56.25,7,-0.1017916653012483,0,False,-27.34754423649306,,0.4348337964828918,0.0890268098782739,0.0172526041666666,0.0078125,0.0120442708333333,0.0029296875,False
000156459019006435,TDW,2019-03-06,2019,20.535714285714285,204.6130952380952,43.75,7,0.0360857506755006,1,False,11.131946124687476,,-0.6357113050420016,-0.049519652423021,0.0227328885594267,0.0091425747467259,0.0076599950580677,0.0049419322955275,False
000119312521110422,VISN,2021-04-09,2021,31.944444444444443,189.88715277777777,56.25,9,0.090835622863495,1,False,-4.432452377657857,0.3244208494208494,0.0042953667953667,-0.0073047331078046,0.0163339382940108,0.0036297640653357,0.0049909255898366,0.0018148820326678,False
000119312521060435,WATT,2021-02-26,2021,41.66666666666666,91.14583333333334,50.0,3,-0.0751155159375261,0,False,46.34146341463415,,,-0.1406261123366514,0.0142329994728518,0.0092250922509225,0.0115972588297311,0.0050079072219293,False
000119312521329914,WATT,2021-11-15,2021,35.416666666666664,91.14583333333331,43.75,3,0.0471538733570588,1,False,8.8689446366782,,-61.90461552213901,-0.4100590099493014,0.0145985401459854,0.0291970802919708,0.0072992700729927,0.0,False
000004392016000011,GEF,2016-09-07,2016,23.61111111111111,195.56781045751634,56.25,18,0.0018977833387928689,1,False,0.6431634111481658,0.20887573964497042,0.08473372781065089,0.014479097961619397,0.021705426356589147,0.018604651162790697,0.010852713178294573,0.0,False
000004392016000020,GEF,2016-12-13,2016,23.75,224.50657894736838,56.25,20,-0.08329127506670297,0,False,2.6745562130177514,0.21138773628400184,,0.0026958452267681573,0.02321083172147002,0.017408123791102514,0.013539651837524178,0.0,False
000004392017000018,GEF,2017-03-07,2017,31.61764705882353,178.07904411764702,56.25,17,-0.08264406307059335,0,False,-5.382664822498848,0.19892800584724082,0.07991229138750153,0.0016878692213921796,0.025500910746812388,0.018214936247723135,0.01639344262295082,0.0,False
000004392017000042,GEF,2017-09-07,2017,28.125,152.80330882352942,50.0,18,0.15935727645969522,1,False,8.384043272481406,0.194531087544188,0.09409440632148056,0.013156711721161627,0.0231980115990058,0.008699254349627174,0.008285004142502071,0.0008285004142502071,False
000004392017000046,GEF,2017-12-12,2017,31.666666666666668,276.04166666666663,62.5,15,-0.12259399185072761,0,False,0.6550218340611353,0.18841028819336844,,0.010302261547504873,0.02945688861613992,0.015342129487572876,0.00736422215403498,0.0021478981282602025,False
000004392018000029,GEF,2018-12-11,2018,20.535714285714285,182.86401098901098,43.75,14,-0.06214041150230687,0,False,-2.41082896946942,0.2073504100435355,,0.012551646425441342,0.01924375422012154,0.011816340310600946,0.010465901417960837,0.0006752194463200541,False
000004392018000038,GEF,2018-12-26,2018,34.19117647058823,176.3556985294118,62.5,17,-0.06214041150230687,0,False,-2.41082896946942,0.2073504100435355,,0.012551646425441342,0.018367346938775512,0.009523809523809525,0.014285714285714285,0.0013605442176870747,False
000004392021000070,GEF,2021-12-10,2021,15.104166666666666,81.38020833333333,31.25,12,0.025124867899747882,1,False,11.203938534984335,0.2138449154816206,0.11611215454789375,0.019742819204696345,0.0,0.0,0.0,0.0,False
000006721517000021,DY,2017-05-26,2017,41.5625,235.5057565789473,68.75,20,-0.02425597255979417,0,False,12.15279312995717,0.20965920507466254,,0.02068003829399812,0.01879432624113475,0.0024822695035460994,0.01028368794326241,0.0024822695035460994,False
000006721517000030,DY,2017-09-01,2017,33.17307692307692,295.4727564102564,56.25,13,0.13818770633048516,1,False,-0.7821064224290318,0.22211313170671684,,0.02301260407085321,0.018063583815028903,0.0032514450867052024,0.00939306358381503,0.002890173410404624,False
000006721517000043,DY,2017-11-21,2017,33.63095238095238,150.29761904761904,62.5,21,-0.03655299466550899,0,False,-3.0727209339287453,0.20545479790800236,,0.015533418766416809,0.01698867421718854,0.005329780146568954,0.010992671552298468,0.0036642238507661557,False
000007660518000029,PATK,2018-02-21,2018,21.428571428571427,124.48489010989012,43.75,14,0.09943408929900732,1,False,16.701144263590432,0.1696553609352987,,0.03351549194363545,0.022216547497446375,0.0028089887640449437,0.008937691521961185,0.0028089887640449437,False
000007660518000115,PATK,2018-07-31,2018,35.416666666666664,411.0863095238095,62.5,15,-0.0856251444051036,0,False,9.612889430116413,0.1897767983348736,0.08771175722747855,0.02929116391624374,0.017278617710583154,0.0021598272138228943,0.009719222462203024,0.0026997840172786176,False
000007660518000143,PATK,2018-10-29,2018,26.666666666666668,287.2023809523809,68.75,15,0.1106238296707831,1,False,-4.916685816502143,0.1854421279029939,0.07773599077788151,0.02291341805627215,0.016424510423247,0.004843124868393346,0.009686249736786692,0.0029479890503263844,False
000072695817000098,CASY,2017-09-07,2017,25.223214285714285,186.5802744708995,56.25,28,-0.14557699902696963,0,False,13.392058316995763,0.22767737526024018,,0.01797572178581597,0.016813787305590584,0.004623791509037411,0.010508617065994116,0.0004203446826397646,False
000076374418000237,LCII,2018-11-02,2018,32.03125,184.4853940217391,56.25,24,-0.03088883277676635,0,False,-11.718958879692602,0.20836119183641047,0.07505742713208571,0.027395462231581267,0.016908212560386472,0.006340579710144928,0.009963768115942028,0.0006038647342995169,False
000101884018000040,ANF,2018-08-31,2018,36.11111111111112,310.32986111111103,75.0,9,0.198196935684267,1,False,15.257238004156527,0.6017172079286431,0.00026471544869862085,-0.0017042270403728865,0.0222325150532654,0.004863362667901806,0.006252894858730894,0.001621120889300602,False
000101884018000054,ANF,2018-11-30,2018,35.15625,144.39174107142858,50.0,8,0.21860924131419857,1,False,2.229307680071794,0.6128921009667972,0.04607556485530554,0.010476687301172238,0.023529411764705882,0.004603580562659846,0.00639386189258312,0.0020460358056265983,False
000117494717001160,RGR,2017-08-04,2017,22.916666666666668,212.23958333333334,56.25,21,0.0020540864061562303,1,False,0.0,0.26503556964521363,,0.035900468511850074,0.014270032930845226,0.010976948408342482,0.009879253567508232,0.0021953896816684962,False
000117494717001479,RGR,2017-11-02,2017,22.453703703703702,232.14921652421657,50.0,27,-0.014603490989882228,0,False,-20.505255813247985,0.28825476783346216,0.12705000143106557,0.03376235911331469,0.00894187779433681,0.0067064083457526085,0.009687034277198211,0.0014903129657228018,False
000117494718001067,RGR,2018-08-02,2018,16.875,131.99013157894734,37.5,20,-0.11096372178864622,0,False,-2.095166934789073,0.28501452367787805,0.15082820007631745,0.04856470497956887,0.01092896174863388,0.00546448087431694,0.008879781420765027,0.00273224043715847,False
000117494718001307,RGR,2018-11-02,2018,25.815217391304348,157.33078063241103,50.0,23,-0.020589897021906722,0,False,0.0,0.24439514550437166,,0.029128118157771506,0.01662971175166297,0.0066518847006651885,0.0066518847006651885,0.0022172949002217295,False
000119312515171900,CBZ,2015-05-05,2015,22.5,109.37499999999999,37.5,5,-0.0016645583372407735,0,False,36.20129663359275,0.2010698287712867,0.15494281465964668,0.019341434644456843,0.012413108242303872,0.005461767626613704,0.00893743793445879,0.0004965243296921549,False
000119312515274446,OSPN,2015-08-03,2015,37.5,367.1875,62.5,11,0.07391240807024957,1,False,0.3961004068473171,0.57711069992201,0.2408973437523894,0.051016687598289624,0.0,0.0,0.0,0.0,False
000119312515341472,OSPN,2015-10-13,2015,27.77777777777778,352.64756944444446,62.5,9,0.07391240807024957,1,False,-8.205771259920787,0.5946490745831042,0.22414913289019942,0.039010605637733745,0.0,0.0,0.0,0.005780346820809248,False
000119312515362177,CBZ,2015-11-02,2015,26.785714285714285,74.40476190476191,37.5,7,-0.023012477449803947,0,False,1.1132607732298614,0.15288986755887163,0.10998279013586172,0.01071420693335238,0.009372453137734311,0.0057049714751426246,0.008557457212713936,0.0012224938875305623,False
000119312517013306,RNST,2017-01-19,2017,20.83333333333333,144.41287878787878,37.5,12,0.015159117116017029,1,False,,,,,0.020131086142322098,0.007022471910112359,0.013576779026217229,0.0018726591760299626,False
000119312517147839,CBZ,2017-04-28,2017,30.0,144.53125,43.75,5,-0.010163612370958863,0,False,35.05551360572755,0.2016615657316563,0.165348982643016,0.022385071099643893,0.0171875,0.005208333333333333,0.013541666666666667,0.0,False
000119312517155192,OSPN,2017-05-03,2017,34.375,152.34375,56.25,6,-0.05663336012883757,0,False,-11.832678530159464,0.7127844632431788,0.007196473251519123,0.0017467435274464316,0.01974804221995233,0.00749063670411985,0.010214504596527068,0.0020429009193054137,False
000119312517156345,FCN,2017-05-03,2017,36.25,261.71875,56.25,5,-0.0072451223021525735,0,False,1.001086169442433,,0.06069085727600237,0.00645136939705288,0.019963285910968333,0.028682882055988984,0.00849013308857274,0.0016062413951353832,False
000119312517242498,FCN,2017-07-31,2017,31.25,171.875,50.0,6,0.14732602954147211,1,False,-0.36496513899593136,,6.521030322791e-05,-0.002317518978170104,0.01849656153663742,0.019445103153900876,0.008536874555371117,0.0016599478302110505,False
000119312517280570,SWBI,2017-09-08,2017,35.0,322.54464285714283,81.25,15,-0.05964754468681355,0,False,-43.70467655092371,0.3149254772478899,-0.024802163988808024,-0.002782340044363223,0.013905683192261185,0.0063482466747279325,0.009673518742442563,0.0024183796856106408,False
000119312517327380,FCN,2017-10-31,2017,37.5,449.21874999999994,62.5,5,0.10161380861180169,1,False,0.9549936476170131,,0.10483738044645204,0.014250243188402335,0.020309050772626933,0.018101545253863136,0.009050772626931568,0.0015452538631346578,False
000119312518061079,FCN,2018-02-27,2018,36.25,302.08333333333326,68.75,10,0.08644967066056508,1,False,4.176077262663655,,0.07381695106593601,0.029632635593629567,0.020267611176702085,0.012593467138921684,0.006887052341597796,0.0013774104683195593,False
000119312518103213,RNST,2018-03-30,2018,18.05555555555556,82.46527777777779,25.0,9,0.03278546675247718,1,False,,,,,0.024840764331210193,0.006369426751592357,0.011464968152866241,0.0012738853503184713,False
000119312518146776,FCN,2018-05-01,2018,39.84375,99.74888392857143,56.25,8,0.11866640234509662,1,False,6.427687182897131,,0.12507483315721593,0.017107762430308218,0.020873320537428023,0.01055662188099808,0.008157389635316698,0.0011996161228406909,False
000119312518219178,TDW,2018-07-17,2018,25.625,281.68402777777777,50.0,10,-0.09238806506151365,0,False,15.41975888865815,0.07241408698781261,-0.0013257450213539645,-0.006656355602716572,0.024080444562053452,0.005557025668166181,0.013231013495633765,0.003440063508864779,False
000119312518231596,FCN,2018-07-30,2018,40.97222222222222,381.94444444444446,75.0,9,0.03631066770710789,1,False,2.8776111247272858,,0.12074056137692395,0.019318139533235405,0.018662142510906445,0.010664081434803683,0.007998061076102764,0.0009694619486185168,False
000119312518314022,FCN,2018-10-31,2018,37.5,390.625,62.5,6,0.08917386398815974,1,False,0.1784814625325621,,0.11132683056146835,0.016864104977180033,0.015972372113101662,0.009928771854090222,0.009065400388517159,0.0008633714655730628,False
000119312518323453,VISN,2018-11-09,2018,35.416666666666664,126.95312500000001,56.25,9,0.022708184342975946,1,False,-7.218324058391806,0.35613699582753827,0.11491655076495132,0.00949645564887287,0.024070021881838075,0.0053141606752110035,0.006408252578930916,0.001875586120662707,False
000119312520052250,TREX,2020-02-27,2020,38.19444444444444,209.41840277777777,68.75,9,0.15986667239023122,1,False,-15.306526309296792,0.43249459859684897,,0.0599369511295271,0.021121735407449695,0.0075638647067218494,0.0065648637077208504,0.0008562865705722849,False
000119312520288527,TREX,2020-11-09,2020,35.294117647058826,302.44715073529414,75.0,17,-0.10292921190930082,0,False,4.919147239041369,0.36701194806092385,0.24594603934307263,0.059465216816223104,0.022113022113022112,0.004095004095004095,0.005733005733005733,0.001638001638001638,False
000119312521066797,TREX,2021-03-03,2021,28.676470588235293,176.06847426470586,50.0,17,0.010307688595181608,1,False,-1.3891888622992459,0.40472039459274767,,0.05619915586404531,0.01858234677056796,0.01004046156151656,0.007492881762325791,0.0005994305409860632,False
000119312523069692,TREX,2023-03-14,2023,24.0625,145.04523026315783,56.25,20,0.12408022614272374,1,False,-51.20453386287084,0.24517169659153615,0.1026730761067957,0.017131528997574526,0.030303030303030304,0.008822401227464518,0.00728807057920982,0.0030686612965093976,False
000119312523145696,TREX,2023-05-16,2023,25.892857142857142,188.61607142857142,50.0,21,0.10601067883096771,1,False,26.659662973810434,0.3955629655074188,0.23855762866646002,0.03629885952162214,0.02173069460613116,0.008795757340576898,0.011253395421032208,0.001034794981244341,False
000119312523206821,TREX,2023-08-09,2023,25.0,256.69642857142856,56.25,15,0.008991734008551022,1,False,49.35530626094388,0.43879754752649086,0.2938452563261139,0.07200871178661732,0.02391904323827047,0.005979760809567618,0.0078196872125115,0.0018399264029438822,False
000121390018005038,SBFG,2018-04-27,2018,27.77777777777778,167.10069444444446,43.75,9,0.008262486658504153,1,False,7.412790697674419,,,0.002650055475070789,0.016483516483516484,0.010683760683760684,0.007936507936507936,0.0006105006105006105,False
000121390018014385,SBFG,2018-10-24,2018,22.321428571428573,128.34821428571428,43.75,7,-0.017561860064055246,0,False,-0.7042253521126761,,,0.0031842970648910313,0.018982118294360386,0.006327372764786795,0.008528198074277854,0.0005502063273727648,False
000143774915019503,PATK,2015-11-03,2015,33.75,166.66666666666663,62.5,10,0.18259710764980586,1,False,,0.15844181424248394,0.069668021558902,0.028300048558553264,0.021843207660083783,0.004488330341113106,0.014063435068821066,0.0014961101137043686,False
000143774916036218,PATK,2016-08-02,2016,30.357142857142858,187.87202380952382,43.75,7,-0.04564202868087952,0,False,24.73230433147707,0.16276373920190068,0.07398156023787221,0.02856243451002492,0.017092069279854148,0.002051048313582498,0.01276207839562443,0.002051048313582498,False
000143774921026407,GOVX,2021-11-12,2021,25.0,273.4375,37.5,3,0.030616171487140686,1,False,-61.84322778140212,,-64.16058394160584,-0.10635529867226479,0.02189311010946555,0.010946555054732776,0.0070830650354153256,0.0016097875080489374,False
000143774922005881,GOVX,2022-03-10,2022,18.75,182.29166666666666,37.5,4,0.015192528152273899,1,False,-61.84322778140212,,-64.16058394160584,-0.10635529867226479,0.02277348515656771,0.008133387555917039,0.009760065067100447,0.0020333468889792597,False
000143774922010332,GOVX,2022-05-02,2022,25.0,117.1875,37.5,7,-0.025426587922232513,0,False,168.05418557243374,,-29.7824252385742,-0.14402552870095114,0.023638666103841282,0.008442380751371888,0.010552975939214858,0.002110595187842972,False
000156459015010354,DIOD,2015-11-10,2015,24.107142857142858,143.37225274725276,43.75,14,-0.0643326142838404,0,False,-4.814242685221893,0.2950672130519704,0.04774328826931178,0.002338457277613702,0.016630736064059133,0.008007391438250694,0.00985525100092393,0.0018478595626732369,False
000156459016024367,DIOD,2016-08-15,2016,26.704545454545453,250.7102272727273,56.25,11,-0.045545911849041776,0,False,6.243658468694161,0.31615711297513155,0.04765365843351856,0.003728126745939051,0.0,0.0,0.0,0.0,False
000156459017015948,CBZ,2017-08-07,2017,18.75,104.16666666666667,31.25,4,-0.12718995026096147,0,False,35.05551360572755,0.2016615657316563,0.165348982643016,0.022385071099643893,0.02128530495292673,0.004911993450675399,0.010233319688907082,0.0,False
000156459017021741,CBZ,2017-11-06,2017,25.52083333333333,116.89157196969698,43.75,12,0.08151250795535647,1,False,-1.5605451719300907,0.11072437813819365,0.07231264713103508,0.008556837673475752,0.010541621228644129,0.01272264631043257,0.019265721555797893,0.0003635041802980734,False
000156459018001861,DIOD,2018-02-12,2018,39.375,330.2951388888889,62.5,10,0.10775031243387367,1,False,-5.895592241110336,0.35904705137279735,,-0.02058947801162512,0.010969832959361756,0.0057342308651209175,0.008227374719521317,0.0037397157816005983,False
000156459018002456,CBZ,2018-02-20,2018,33.75,148.4375,50.0,5,-0.004699103104096158,0,False,-6.056623484159193,0.026478154369638518,-0.011012493466296338,0.004120789198720319,0.024022947292936535,0.008246683399067766,0.01613481534600215,0.0017927572606669057,False
000156459018010024,CBZ,2018-05-01,2018,31.25,507.8125,50.0,3,-0.02623772680347458,0,False,36.357114306505004,0.2305235070840693,0.19283701003419895,0.02952271703532663,0.024593580658607752,0.0070862859524802,0.01834097540641934,0.0020842017507294707,False
000156459018013427,DIOD,2018-05-14,2018,33.035714285714285,438.98809523809524,75.0,7,0.045392754866554696,1,False,2.2657676116678465,0.35916462668298654,0.09813778632628081,0.012591055090453607,0.015073861923424782,0.004220681338558939,0.01236056677720832,0.0021103406692794696,False
000156459018019856,CBZ,2018-08-07,2018,25.0,484.375,68.75,6,-0.04669943808396482,0,False,-12.570558833477394,0.11837552280122593,0.07542092752352336,0.0108302950771987,0.02040816326530612,0.0050057758952637655,0.0215633423180593,0.0,False
000156459018026810,CBZ,2018-11-05,2018,27.272727272727277,150.5681818181818,50.0,11,-0.01299647728653519,0,False,-3.607274728014408,0.114346106337152,0.06850866670531418,0.011418188419438991,0.014285714285714285,0.00992063492063492,0.021031746031746033,0.0003968253968253968,False
000156459018029833,TDW,2018-11-19,2018,23.4375,113.93229166666667,37.5,4,0.022653846256421417,1,False,-6.0690713156125415,0.028752318735381886,-0.2529034599564481,-0.019420343966876797,0.010379858657243815,0.011042402826855124,0.016342756183745585,0.001987632508833922,False
